WORD#,WORD,Concreteness,WordFrequency,OrthographicDistance,NumberOfLetters,BigramFrequency,ConsonantVowelProportion,VisualComplexity
WORD1,film,5.450000,3.189490,1.750000,4.000000,343.250000,0.750000,55.783710
WORD2,cent,5.900000,3.700704,1.350000,4.000000,546.750000,0.750000,63.141553
WORD3,shot,4.600000,2.858537,1.200000,4.000000,484.750000,0.750000,64.600033
WORD4,cold,3.700000,3.454540,1.150000,4.000000,1095.250000,0.750000,63.657457
WORD5,main,3.000000,3.539076,1.350000,4.000000,686.000000,0.500000,68.945661
WORD6,poet,4.950000,2.485721,1.600000,4.000000,309.250000,0.500000,70.572593
WORD7,case,4.950000,3.836767,1.000000,4.000000,690.250000,0.500000,71.983982
WORD8,land,5.400000,3.648945,1.200000,4.000000,757.500000,0.750000,65.601033
WORD9,idea,1.950000,3.688420,1.900000,4.000000,201.750000,0.250000,70.667496
WORD10,love,1.800000,3.607026,1.150000,4.000000,337.250000,0.500000,61.394212
WORD11,role,3.350000,3.322839,1.100000,4.000000,536.250000,0.500000,57.463779
WORD12,hall,5.400000,3.334655,1.000000,4.000000,805.000000,0.750000,56.318932
WORD13,safe,3.300000,3.118265,1.550000,4.000000,285.500000,0.500000,68.693420
WORD14,pope,5.250000,1.939519,1.200000,4.000000,458.250000,0.500000,79.854135
WORD15,suit,5.650000,2.821514,1.650000,4.000000,434.500000,0.500000,55.646512
WORD16,evil,1.850000,2.693727,1.900000,4.000000,173.500000,0.500000,54.294411
WORD17,roof,6.150000,2.920123,1.550000,4.000000,380.500000,0.500000,57.620853
WORD18,wind,5.050000,3.280123,1.250000,4.000000,590.000000,0.750000,72.602795
WORD19,seat,5.200000,3.145196,1.000000,4.000000,681.500000,0.500000,68.367720
WORD20,pale,4.450000,3.004751,1.000000,4.000000,732.500000,0.500000,69.970377
WORD21,duty,3.200000,3.067815,1.900000,4.000000,254.000000,0.500000,65.882880
WORD22,inch,4.950000,2.632457,1.750000,4.000000,738.750000,0.750000,59.599664
WORD23,snow,6.650000,3.015360,1.500000,4.000000,204.750000,0.750000,75.926771
WORD24,site,5.050000,2.971740,1.200000,4.000000,543.000000,0.500000,59.566074
WORD25,dome,5.650000,2.278754,1.200000,4.000000,484.250000,0.500000,82.108959
WORD26,golf,5.700000,2.737987,1.800000,4.000000,359.500000,0.750000,63.026557
WORD27,boil,5.250000,2.100371,1.500000,4.000000,363.250000,0.500000,58.557164
WORD28,gaze,3.800000,2.432969,1.100000,4.000000,173.000000,0.500000,78.553425
WORD29,bone,6.150000,2.680336,1.100000,4.000000,815.500000,0.500000,74.291708
WORD30,yarn,6.100000,1.397940,1.600000,4.000000,628.500000,0.500000,62.215734
WORD31,gift,5.000000,2.748963,1.700000,4.000000,112.000000,0.750000,58.230818
WORD32,pump,5.100000,2.334454,1.350000,4.000000,402.750000,0.750000,81.978082
WORD33,trap,4.750000,2.492760,1.500000,4.000000,692.000000,0.750000,62.654787
WORD34,harm,3.550000,2.737987,1.500000,4.000000,845.500000,0.750000,71.071106
WORD35,beer,6.050000,2.920645,1.300000,4.000000,562.750000,0.500000,71.383193
WORD36,buzz,3.850000,1.707570,1.950000,4.000000,202.750000,0.750000,68.390842
WORD37,bait,5.000000,2.745075,1.700000,4.000000,483.250000,0.500000,62.563071
WORD38,clan,4.750000,2.089905,1.400000,4.000000,663.250000,0.750000,60.066648
WORD39,rift,4.050000,1.653213,1.600000,4.000000,147.500000,0.750000,44.897300
WORD40,jerk,3.850000,1.897627,1.850000,4.000000,461.500000,0.750000,60.215675
WORD41,skit,4.800000,0.477121,1.350000,4.000000,203.000000,0.750000,56.489000
WORD42,dune,5.300000,1.397940,1.250000,4.000000,349.000000,0.500000,72.852817
WORD43,flop,3.450000,1.230449,1.500000,4.000000,398.250000,0.750000,60.497791
WORD44,drip,5.000000,1.447158,1.700000,4.000000,429.250000,0.750000,63.003788
WORD45,slat,5.062500,0.301030,1.000000,4.000000,531.000000,0.750000,57.967217
WORD46,moot,2.600000,0.477121,1.300000,4.000000,574.500000,0.500000,70.485624
WORD47,feud,3.250000,1.322219,1.750000,4.000000,144.250000,0.500000,69.320525
WORD48,coax,3.550000,0.954243,1.850000,4.000000,894.750000,0.500000,67.940899
WORD49,issue,2.900000,3.194514,2.050000,5.000000,113.400000,0.400000,64.808393
WORD50,basis,2.950000,3.176091,1.650000,5.000000,581.200000,0.600000,68.164346
WORD51,peace,2.050000,3.203305,1.800000,5.000000,628.000000,0.400000,76.703885
WORD52,trial,4.450000,2.997386,1.800000,5.000000,543.400000,0.600000,49.188680
WORD53,least,2.750000,3.742568,1.550000,5.000000,601.200000,0.600000,62.365098
WORD54,green,4.350000,3.284882,1.750000,5.000000,735.000000,0.600000,71.841236
WORD55,daily,3.750000,3.067443,1.750000,5.000000,312.600000,0.400000,61.715363
WORD56,scene,4.400000,3.201943,1.850000,5.000000,372.600000,0.600000,70.804425
WORD57,party,4.800000,3.824126,1.500000,5.000000,820.800000,0.600000,63.625598
WORD58,thing,3.900000,3.987800,1.700000,5.000000,482.400000,0.800000,63.749140
WORD59,price,3.750000,3.232996,1.550000,5.000000,695.000000,0.600000,61.966847
WORD60,piece,4.550000,3.318689,1.800000,5.000000,323.200000,0.400000,69.662568
WORD61,beach,6.000000,3.025715,1.450000,5.000000,658.800000,0.600000,74.940109
WORD62,unity,2.700000,2.584331,1.800000,5.000000,424.800000,0.400000,56.805514
WORD63,chair,5.850000,3.265054,1.700000,5.000000,445.600000,0.600000,58.749419
WORD64,rifle,6.150000,2.457882,1.700000,5.000000,302.000000,0.600000,50.065915
WORD65,uncle,5.600000,3.026125,1.950000,5.000000,585.400000,0.600000,61.525668
WORD66,smoke,5.550000,2.933993,1.650000,5.000000,208.400000,0.600000,76.196174
WORD67,dream,2.600000,2.935003,1.650000,5.000000,547.600000,0.600000,75.344247
WORD68,crowd,5.550000,2.938019,1.750000,5.000000,516.200000,0.800000,71.864295
WORD69,theme,3.450000,2.696356,1.700000,5.000000,375.000000,0.600000,74.683452
WORD70,wagon,5.700000,2.158362,1.950000,5.000000,324.800000,0.600000,81.264455
WORD71,empty,3.200000,3.139879,2.350000,5.000000,194.400000,0.600000,74.794650
WORD72,wheel,5.950000,2.694605,1.900000,5.000000,429.800000,0.600000,74.305870
WORD73,storm,5.100000,2.658011,1.750000,5.000000,467.400000,0.800000,64.484959
WORD74,actor,5.250000,2.895423,1.900000,5.000000,292.400000,0.600000,59.604779
WORD75,purse,6.300000,2.214844,1.500000,5.000000,515.000000,0.600000,67.896038
WORD76,chaos,2.850000,2.439333,1.950000,5.000000,406.800000,0.600000,69.947686
WORD77,blade,6.400000,2.313867,1.650000,5.000000,541.800000,0.600000,72.699888
WORD78,sheer,4.100000,2.711807,1.600000,5.000000,874.000000,0.600000,68.430934
WORD79,bench,5.750000,2.539076,1.750000,5.000000,633.800000,0.800000,72.166025
WORD80,suite,5.400000,2.283301,1.600000,5.000000,594.800000,0.400000,60.508534
WORD81,cycle,4.000000,2.655138,2.050000,5.000000,245.800000,0.600000,61.978377
WORD82,shade,4.550000,2.602060,1.500000,5.000000,547.200000,0.600000,76.353345
WORD83,radar,5.150000,2.086360,2.000000,5.000000,325.000000,0.600000,64.175195
WORD84,creek,5.850000,2.387390,1.650000,5.000000,551.600000,0.600000,66.215098
WORD85,tango,4.800000,1.255273,1.800000,5.000000,567.000000,0.600000,70.464978
WORD86,briar,5.166667,0.903090,1.900000,5.000000,499.600000,0.600000,57.127492
WORD87,patio,5.800000,1.568202,1.950000,5.000000,643.000000,0.400000,64.174733
WORD88,polka,5.100000,1.113943,2.000000,5.000000,422.000000,0.600000,67.527816
WORD89,jiffy,2.736842,0.903090,2.500000,5.000000,104.200000,0.600000,51.740513
WORD90,cameo,4.750000,1.255273,1.850000,5.000000,506.000000,0.400000,76.634309
WORD91,felon,4.650000,1.079181,1.850000,5.000000,436.600000,0.600000,60.050717
WORD92,filth,4.050000,2.004321,1.850000,5.000000,433.400000,0.800000,49.631810
WORD93,druid,5.176471,0.698970,2.000000,5.000000,248.200000,0.600000,63.153990
WORD94,sprig,5.277778,1.531479,1.950000,5.000000,391.400000,0.800000,66.344790
WORD95,spout,5.200000,1.462398,1.600000,5.000000,295.000000,0.600000,67.136455
WORD96,snout,5.900000,1.672098,1.700000,5.000000,202.600000,0.600000,62.797616
WORD97,source,3.500000,3.138934,1.950000,6.000000,407.666667,0.500000,64.480823
WORD98,mother,4.750000,3.866701,1.800000,6.000000,811.166667,0.666667,67.500754
WORD99,common,2.800000,3.509874,1.950000,6.000000,955.500000,0.666667,75.608379
WORD100,father,5.250000,3.687796,1.650000,6.000000,861.666667,0.666667,61.074277
WORD101,theory,2.600000,3.291369,2.300000,6.000000,354.166667,0.500000,63.045577
WORD102,effect,3.250000,3.444357,2.200000,6.000000,211.000000,0.666667,61.211221
WORD103,dinner,5.700000,3.212720,1.750000,6.000000,1046.000000,0.666667,62.213401
WORD104,growth,3.450000,3.326541,2.350000,6.000000,463.500000,0.833333,71.198055
WORD105,friend,4.150000,3.489677,1.850000,6.000000,531.833333,0.666667,59.858539
WORD106,nature,4.300000,3.525563,1.950000,6.000000,449.000000,0.500000,62.193324
WORD107,couple,4.600000,3.302547,1.750000,6.000000,1009.666667,0.500000,66.564734
WORD108,county,4.750000,2.895423,1.950000,6.000000,916.833333,0.500000,62.410446
WORD109,throat,5.850000,2.887054,1.850000,6.000000,362.166667,0.666667,59.208684
WORD110,nobody,3.000000,3.226600,2.700000,6.000000,178.333333,0.500000,73.159727
WORD111,crisis,3.650000,3.022428,2.000000,6.000000,575.666667,0.666667,54.164593
WORD112,motion,3.550000,2.779596,1.750000,6.000000,527.833333,0.500000,64.435332
WORD113,valley,6.000000,2.947434,1.800000,6.000000,626.500000,0.500000,59.707947
WORD114,memory,3.100000,3.057666,2.550000,6.000000,410.000000,0.500000,74.581526
WORD115,artist,4.750000,2.841985,2.100000,6.000000,458.333333,0.666667,54.038299
WORD116,engine,5.650000,2.897077,2.200000,6.000000,471.833333,0.500000,70.399609
WORD117,player,5.100000,2.715167,1.750000,6.000000,727.500000,0.500000,64.811394
WORD118,estate,5.450000,2.820201,1.850000,6.000000,415.333333,0.500000,66.833060
WORD119,murder,4.950000,2.911158,1.950000,6.000000,834.666667,0.666667,67.600729
WORD120,danger,2.900000,3.120574,1.650000,6.000000,952.833333,0.666667,73.382708
WORD121,genius,3.500000,2.613842,2.350000,6.000000,356.333333,0.500000,68.797789
WORD122,remark,3.850000,2.534026,2.100000,6.000000,644.500000,0.666667,66.945689
WORD123,resort,5.200000,2.468347,1.850000,6.000000,772.666667,0.666667,58.269922
WORD124,camera,6.200000,2.635484,2.100000,6.000000,941.166667,0.500000,71.909491
WORD125,saddle,6.000000,2.173186,1.700000,6.000000,519.666667,0.666667,72.100254
WORD126,walnut,6.150000,1.851258,2.650000,6.000000,321.500000,0.666667,65.274693
WORD127,violin,6.900000,1.897627,2.650000,6.000000,671.333333,0.500000,51.992731
WORD128,virtue,1.950000,2.615950,2.750000,6.000000,356.500000,0.500000,55.358381
WORD129,toilet,6.750000,2.619093,1.900000,6.000000,478.833333,0.500000,54.197580
WORD130,hunger,3.850000,2.638489,1.850000,6.000000,787.833333,0.666667,69.203531
WORD131,sleeve,5.850000,2.230449,2.000000,6.000000,305.333333,0.500000,67.415729
WORD132,census,4.150000,1.959041,2.000000,6.000000,405.000000,0.666667,67.902338
WORD133,blight,3.368421,1.778151,1.700000,6.000000,276.333333,0.833333,63.039832
WORD134,homage,3.700000,1.724276,2.450000,6.000000,427.000000,0.500000,81.273498
WORD135,faucet,6.000000,1.431364,2.250000,6.000000,389.166667,0.500000,63.264778
WORD136,deceit,2.700000,1.748188,2.150000,6.000000,603.333333,0.500000,65.893353
WORD137,morgue,5.800000,1.230449,2.200000,6.000000,480.833333,0.500000,74.138479
WORD138,malice,2.750000,2.103804,1.950000,6.000000,674.833333,0.500000,65.521159
WORD139,groove,3.900000,1.903090,1.850000,6.000000,474.333333,0.500000,68.929702
WORD140,safari,5.550000,1.431364,2.750000,6.000000,413.500000,0.500000,59.139165
WORD141,dynamo,3.400000,1.278754,2.950000,6.000000,156.166667,0.500000,75.977356
WORD142,asylum,5.050000,1.698970,2.850000,6.000000,135.500000,0.500000,68.387522
WORD143,nebula,4.368421,1.623249,2.850000,6.000000,266.166667,0.500000,67.767866
WORD144,squash,5.800000,2.120574,1.900000,6.000000,196.000000,0.666667,72.587027
WORD145,purpose,2.400000,3.218010,2.350000,7.000000,382.428571,0.571429,70.606155
WORD146,section,3.800000,3.226858,1.900000,7.000000,592.571429,0.571429,61.909842
WORD147,private,3.350000,3.529943,2.500000,7.000000,661.428571,0.571429,61.348883
WORD148,century,3.900000,3.513351,2.550000,7.000000,438.428571,0.571429,60.833064
WORD149,council,4.500000,3.259833,2.850000,7.000000,839.285714,0.571429,57.348594
WORD150,service,3.200000,3.505828,2.600000,7.000000,531.285714,0.571429,61.623390
WORD151,million,5.350000,3.546419,2.400000,7.000000,685.000000,0.571429,55.335879
WORD152,account,4.450000,3.276692,2.600000,7.000000,319.142857,0.571429,63.694712
WORD153,example,3.800000,3.636187,2.700000,7.000000,349.714286,0.571429,73.838087
WORD154,concern,3.000000,3.057286,1.950000,7.000000,1273.857143,0.714286,63.082567
WORD155,husband,5.050000,3.381296,2.700000,7.000000,331.714286,0.714286,73.318974
WORD156,respect,2.350000,3.028571,2.250000,7.000000,710.571429,0.714286,66.395028
WORD157,highway,6.000000,2.456366,2.850000,7.000000,196.285714,0.571429,75.116515
WORD158,uniform,5.050000,2.602060,2.650000,7.000000,374.428571,0.571429,60.515045
WORD159,silence,4.050000,3.195900,2.400000,7.000000,480.571429,0.571429,62.006201
WORD160,session,4.000000,2.664642,2.150000,7.000000,550.857143,0.571429,65.986062
WORD161,extreme,2.450000,2.866287,2.700000,7.000000,449.571429,0.571429,69.421031
WORD162,perfect,2.250000,3.053846,2.600000,7.000000,499.285714,0.714286,63.509815
WORD163,expense,3.700000,2.664642,2.550000,7.000000,474.571429,0.571429,74.204063
WORD164,journal,5.900000,2.503791,2.800000,7.000000,378.857143,0.571429,57.976098
WORD165,tension,3.150000,2.786751,2.050000,7.000000,539.857143,0.571429,62.047974
WORD166,welfare,3.300000,3.068186,2.950000,7.000000,399.000000,0.571429,66.723002
WORD167,disease,4.550000,3.054996,2.400000,7.000000,683.285714,0.428571,71.538130
WORD168,absence,3.150000,2.858537,2.650000,7.000000,350.428571,0.571429,73.576698
WORD169,courage,1.900000,2.773786,2.300000,7.000000,841.142857,0.428571,69.928589
WORD170,hormone,4.900000,1.755875,2.750000,7.000000,641.142857,0.571429,70.071766
WORD171,acreage,5.125000,1.505150,2.900000,7.000000,350.285714,0.428571,73.140822
WORD172,embrace,4.150000,2.103804,2.650000,7.000000,279.142857,0.571429,74.097404
WORD173,channel,4.750000,2.585461,2.050000,7.000000,565.000000,0.714286,64.988471
WORD174,lecture,4.350000,2.654177,2.150000,7.000000,437.714286,0.571429,59.090144
WORD175,ceiling,5.900000,2.666518,1.850000,7.000000,798.285714,0.571429,60.213627
WORD176,crystal,6.000000,2.340444,2.850000,7.000000,402.857143,0.714286,57.555947
WORD177,gentile,4.000000,1.041393,2.100000,7.000000,683.857143,0.571429,63.617185
WORD178,pension,4.700000,2.863917,2.100000,7.000000,592.428571,0.571429,67.351712
WORD179,suicide,4.500000,2.644439,2.750000,7.000000,372.285714,0.428571,63.263976
WORD180,academy,5.100000,2.264818,3.150000,7.000000,285.142857,0.428571,77.380174
WORD181,modicum,3.307692,1.414973,8.000000,7.000000,353.857143,0.571429,72.957152
WORD182,pumpkin,6.350000,1.491362,2.950000,7.000000,573.285714,0.714286,71.461450
WORD183,corsage,6.157895,0.845098,2.450000,7.000000,836.000000,0.571429,70.613129
WORD184,sarcasm,3.150000,1.724276,2.850000,7.000000,548.428571,0.714286,69.948661
WORD185,infidel,3.800000,0.954243,2.650000,7.000000,512.142857,0.571429,56.813500
WORD186,primate,5.450000,1.662758,2.050000,7.000000,730.142857,0.571429,66.640334
WORD187,quibble,3.764706,0.477121,2.750000,7.000000,280.285714,0.571429,68.153754
WORD188,heretic,3.894737,1.176091,2.450000,7.000000,740.714286,0.571429,60.622564
WORD189,default,3.050000,1.556303,2.850000,7.000000,393.142857,0.571429,62.868688
WORD190,cuisine,4.700000,1.431364,2.750000,7.000000,650.428571,0.428571,60.239602
WORD191,vaccine,5.700000,1.748188,2.900000,7.000000,621.714286,0.571429,63.252989
WORD192,duchess,6.000000,1.892095,2.750000,7.000000,455.285714,0.714286,71.468272
WORD193,evidence,5.150000,3.432167,2.600000,8.000000,343.500000,0.500000,68.493557
WORD194,practice,3.000000,3.231215,2.700000,8.000000,742.875000,0.625000,62.039281
WORD195,complete,3.600000,3.191451,2.300000,8.000000,992.500000,0.625000,69.609676
WORD196,director,5.350000,3.031408,2.400000,8.000000,575.875000,0.625000,58.553174
WORD197,attitude,2.800000,3.168203,2.600000,8.000000,263.375000,0.500000,61.207616
WORD198,distance,4.450000,3.203577,2.600000,8.000000,822.375000,0.625000,65.543715
WORD199,property,4.850000,3.087781,2.750000,8.000000,882.750000,0.625000,64.681534
WORD200,standing,4.350000,3.283979,1.900000,8.000000,934.625000,0.750000,67.521514
WORD201,personal,2.800000,3.417306,2.500000,8.000000,634.000000,0.625000,65.437296
WORD202,reaction,3.300000,2.976808,2.000000,8.000000,840.000000,0.500000,60.331251
WORD203,southern,3.900000,2.897627,2.900000,8.000000,704.125000,0.625000,63.389497
WORD204,position,4.000000,3.534787,2.250000,8.000000,591.375000,0.500000,60.975741
WORD205,election,4.450000,3.106871,1.750000,8.000000,482.000000,0.500000,60.326247
WORD206,chairman,5.150000,3.016616,2.800000,8.000000,447.000000,0.625000,65.982884
WORD207,japanese,4.700000,0.301030,3.500000,8.000000,559.750000,0.500000,72.776185
WORD208,governor,5.650000,2.542825,3.250000,8.000000,546.500000,0.625000,64.757382
WORD209,capacity,3.650000,2.967080,2.800000,8.000000,423.375000,0.500000,64.907713
WORD210,approval,2.700000,2.705008,3.300000,8.000000,294.750000,0.625000,66.279849
WORD211,identity,2.600000,2.816904,2.800000,8.000000,382.875000,0.500000,59.139598
WORD212,instance,3.200000,3.290257,2.400000,8.000000,736.125000,0.625000,62.897388
WORD213,valuable,2.350000,2.816904,2.700000,8.000000,332.750000,0.500000,64.503997
WORD214,diameter,4.350000,2.294466,3.000000,8.000000,690.250000,0.500000,68.239423
WORD215,majority,4.200000,3.129045,3.200000,8.000000,488.375000,0.500000,61.397893
WORD216,exercise,4.600000,3.113275,2.450000,8.000000,397.375000,0.500000,64.613648
WORD217,appetite,3.850000,2.536558,3.050000,8.000000,548.500000,0.500000,67.873615
WORD218,singular,3.500000,1.903090,2.850000,8.000000,454.125000,0.625000,61.191998
WORD219,prestige,2.750000,2.454845,2.750000,8.000000,724.500000,0.625000,67.401006
WORD220,theology,3.000000,2.187521,2.750000,8.000000,258.375000,0.500000,67.503502
WORD221,abstract,1.800000,2.587711,2.650000,8.000000,481.875000,0.750000,63.201725
WORD222,midnight,4.850000,2.633468,3.450000,8.000000,259.125000,0.750000,67.353214
WORD223,variable,3.100000,2.064458,2.500000,8.000000,557.250000,0.500000,62.067959
WORD224,currency,5.100000,2.372912,3.000000,8.000000,521.750000,0.625000,60.221814
WORD225,cylinder,5.600000,1.995635,2.800000,8.000000,510.875000,0.625000,59.772117
WORD226,vitality,2.900000,2.093422,2.600000,8.000000,466.125000,0.500000,52.301437
WORD227,document,5.050000,2.593286,2.800000,8.000000,377.375000,0.625000,70.665475
WORD228,adoption,4.500000,2.235528,2.750000,8.000000,398.625000,0.500000,67.264476
WORD229,disarray,3.250000,1.662758,3.450000,8.000000,617.875000,0.500000,62.390205
WORD230,limerick,5.315789,0.903090,3.000000,8.000000,676.500000,0.625000,58.380840
WORD231,fruition,3.200000,0.954243,2.750000,8.000000,507.750000,0.500000,52.325367
WORD232,easement,3.000000,0.301030,2.450000,8.000000,425.750000,0.500000,73.828357
WORD233,interact,3.650000,1.113943,2.400000,8.000000,987.375000,0.625000,57.519375
WORD234,cosmetic,4.300000,1.556303,3.000000,8.000000,843.875000,0.625000,65.830235
WORD235,crucible,5.350000,1.041393,2.750000,8.000000,315.625000,0.625000,59.243452
WORD236,skeleton,6.250000,2.178977,3.250000,8.000000,397.000000,0.625000,64.453235
WORD237,tentacle,6.300000,0.301030,2.750000,8.000000,509.375000,0.625000,61.915194
WORD238,modality,3.125000,0.301030,2.600000,8.000000,463.000000,0.500000,65.056680
WORD239,warranty,4.750000,0.845098,2.800000,8.000000,686.375000,0.625000,64.544162
WORD240,scenario,3.950000,1.934498,3.650000,8.000000,451.500000,0.500000,63.018663
WORD241,sign,4.550000,3.192567,1.850000,4.000000,307.250000,0.750000,67.137934
WORD242,hope,1.750000,3.009451,1.200000,4.000000,419.000000,0.500000,76.603193
WORD243,clay,5.650000,2.571709,1.550000,4.000000,431.250000,0.500000,61.193152
WORD244,data,4.600000,2.869232,1.900000,4.000000,478.250000,0.500000,71.372700
WORD245,book,6.250000,3.684217,1.200000,4.000000,443.750000,0.500000,72.980394
WORD246,army,4.650000,3.286456,1.800000,4.000000,129.500000,0.500000,70.025003
WORD247,mind,2.850000,3.722634,1.250000,4.000000,716.750000,0.750000,70.770710
WORD248,none,2.550000,3.299507,1.300000,4.000000,745.500000,0.500000,69.007036
WORD249,blue,4.100000,3.258877,1.750000,4.000000,269.250000,0.500000,66.682780
WORD250,area,3.900000,3.556785,1.700000,4.000000,636.000000,0.250000,68.795284
WORD251,park,5.650000,3.019116,1.200000,4.000000,890.000000,0.750000,67.674154
WORD252,fear,2.500000,3.315551,1.250000,4.000000,592.500000,0.500000,61.795386
WORD253,papa,5.350000,2.012837,1.850000,4.000000,456.250000,0.500000,80.785137
WORD254,milk,6.700000,3.253580,1.500000,4.000000,458.250000,0.750000,60.477376
WORD255,band,5.650000,2.761176,1.000000,4.000000,829.000000,0.750000,77.047759
WORD256,wood,6.100000,3.067071,1.450000,4.000000,351.500000,0.500000,81.468355
WORD257,dust,5.550000,2.882525,1.400000,4.000000,558.750000,0.750000,66.273207
WORD258,baby,5.950000,3.516139,1.900000,4.000000,321.750000,0.500000,78.166280
WORD259,tone,3.800000,2.895975,1.000000,4.000000,766.500000,0.500000,65.149043
WORD260,rain,5.600000,3.098990,1.100000,4.000000,489.000000,0.500000,55.755190
WORD261,hole,5.150000,3.006894,1.150000,4.000000,582.250000,0.500000,65.017589
WORD262,tool,5.800000,2.453318,1.450000,4.000000,429.500000,0.500000,56.514301
WORD263,poem,4.450000,2.414973,1.850000,4.000000,298.000000,0.500000,82.239855
WORD264,trip,4.350000,2.990339,1.450000,4.000000,575.000000,0.750000,53.853141
WORD265,pine,5.550000,2.330414,1.000000,4.000000,528.750000,0.500000,67.330785
WORD266,limp,3.900000,2.225309,1.450000,4.000000,398.250000,0.750000,64.739551
WORD267,aunt,5.550000,2.733999,1.450000,4.000000,409.250000,0.500000,62.931327
WORD268,dash,4.100000,2.012837,1.450000,4.000000,398.250000,0.750000,75.452526
WORD269,whip,5.950000,2.271842,1.600000,4.000000,324.500000,0.750000,74.906297
WORD270,drug,5.450000,2.537819,1.700000,4.000000,258.750000,0.750000,71.185482
WORD271,ford,4.500000,0.477121,1.350000,4.000000,615.750000,0.750000,61.147747
WORD272,hank,3.500000,1.278754,1.150000,4.000000,651.500000,0.750000,69.804415
WORD273,fate,1.650000,2.767898,1.000000,4.000000,689.250000,0.500000,63.318597
WORD274,pack,4.550000,2.447158,1.150000,4.000000,672.000000,0.750000,72.813626
WORD275,crew,4.850000,2.583199,1.650000,4.000000,566.500000,0.750000,71.259695
WORD276,shed,5.150000,2.264818,1.500000,4.000000,433.500000,0.750000,76.223369
WORD277,lull,3.300000,1.568202,1.450000,4.000000,499.500000,0.750000,44.835551
WORD278,duet,4.950000,1.176091,1.650000,4.000000,165.500000,0.500000,68.994825
WORD279,bran,5.722222,1.662758,1.250000,4.000000,827.500000,0.750000,66.373901
WORD280,crux,3.210526,1.531479,2.000000,4.000000,289.500000,0.750000,57.645218
WORD281,gout,5.764706,1.518514,1.550000,4.000000,417.500000,0.500000,69.181798
WORD282,gird,3.600000,0.602060,1.850000,4.000000,261.750000,0.750000,65.532555
WORD283,hash,4.947368,1.591065,1.250000,4.000000,518.000000,0.750000,72.332479
WORD284,whiz,3.700000,1.079181,1.800000,4.000000,284.250000,0.750000,69.374976
WORD285,pout,4.000000,0.954243,1.400000,4.000000,555.750000,0.500000,66.653031
WORD286,sage,4.800000,1.724276,1.050000,4.000000,330.250000,0.500000,80.178028
WORD287,orgy,5.000000,1.672098,2.000000,4.000000,81.250000,0.500000,68.466205
WORD288,claw,6.200000,1.612784,1.550000,4.000000,422.500000,0.750000,69.708001
WORD289,space,3.400000,3.354108,1.600000,5.000000,380.800000,0.600000,74.526590
WORD290,press,4.400000,3.247973,1.900000,5.000000,770.200000,0.800000,68.854393
WORD291,table,6.300000,3.561817,1.550000,5.000000,387.800000,0.600000,65.379370
WORD292,board,5.500000,3.183555,1.700000,5.000000,419.000000,0.600000,71.346418
WORD293,image,3.850000,3.123852,1.950000,5.000000,288.200000,0.400000,77.509706
WORD294,reach,3.650000,2.531479,1.450000,5.000000,964.400000,0.600000,66.407410
WORD295,glass,6.150000,3.351603,1.750000,5.000000,433.000000,0.800000,69.636050
WORD296,stock,4.700000,3.010300,1.550000,5.000000,505.600000,0.800000,63.278221
WORD297,mouth,5.600000,3.382377,1.700000,5.000000,563.000000,0.600000,69.569652
WORD298,wrong,2.200000,3.488410,1.850000,5.000000,475.800000,0.800000,74.185408
WORD299,plant,6.100000,3.097257,1.550000,5.000000,630.400000,0.800000,62.099714
WORD300,child,5.350000,3.883434,1.850000,5.000000,472.200000,0.800000,59.584777
WORD301,guess,3.050000,2.376577,1.900000,5.000000,244.200000,0.600000,75.437478
WORD302,coast,5.450000,2.935507,1.650000,5.000000,972.200000,0.600000,65.123206
WORD303,extra,3.550000,3.108227,2.450000,5.000000,437.000000,0.600000,61.733464
WORD304,angle,4.300000,2.613842,1.550000,5.000000,363.400000,0.600000,70.599880
WORD305,grant,3.950000,2.553883,1.700000,5.000000,764.200000,0.800000,64.747408
WORD306,enemy,4.000000,2.949878,2.500000,5.000000,224.800000,0.400000,76.932963
WORD307,clean,3.150000,3.027757,1.700000,5.000000,491.800000,0.600000,64.044643
WORD308,proof,3.800000,2.737987,1.850000,5.000000,698.800000,0.600000,63.036087
WORD309,event,4.550000,3.024896,1.850000,5.000000,321.200000,0.600000,65.537335
WORD310,ideal,2.350000,2.685742,1.800000,5.000000,277.400000,0.400000,64.204919
WORD311,rough,4.150000,2.870989,1.700000,5.000000,410.000000,0.600000,68.465521
WORD312,flesh,5.300000,2.968950,1.800000,5.000000,380.600000,0.800000,61.589660
WORD313,honey,5.650000,2.570543,1.750000,5.000000,670.200000,0.400000,70.445483
WORD314,haven,4.100000,2.133539,1.750000,5.000000,550.000000,0.600000,69.745140
WORD315,stray,4.100000,1.892095,1.650000,5.000000,528.000000,0.600000,60.500223
WORD316,grave,5.250000,2.432969,1.250000,5.000000,596.400000,0.600000,70.063945
WORD317,waist,5.500000,2.564666,1.900000,5.000000,459.800000,0.600000,67.349833
WORD318,giant,4.950000,2.800717,1.900000,5.000000,397.800000,0.600000,64.785138
WORD319,error,3.000000,2.564666,2.100000,5.000000,305.600000,0.600000,54.891308
WORD320,slave,5.350000,2.456366,1.500000,5.000000,452.400000,0.600000,64.290876
WORD321,virus,5.350000,2.225309,2.000000,5.000000,290.600000,0.600000,54.738591
WORD322,couch,5.950000,2.209515,1.600000,5.000000,1031.600000,0.600000,66.021862
WORD323,trail,5.550000,2.429752,1.600000,5.000000,638.800000,0.600000,49.188680
WORD324,straw,6.000000,2.599883,1.800000,5.000000,519.800000,0.800000,67.312102
WORD325,tonic,5.300000,1.845098,1.700000,5.000000,702.600000,0.600000,56.868425
WORD326,miner,6.050000,1.623249,1.250000,5.000000,986.000000,0.600000,64.068807
WORD327,crypt,5.850000,1.414973,2.100000,5.000000,184.200000,0.800000,60.658129
WORD328,cramp,4.950000,1.612784,1.550000,5.000000,563.200000,0.800000,71.864820
WORD329,fluke,3.450000,1.380211,1.750000,5.000000,327.200000,0.600000,59.822318
WORD330,rogue,3.800000,1.579784,1.850000,5.000000,212.400000,0.400000,70.118194
WORD331,lasso,6.578947,0.301030,1.950000,5.000000,474.400000,0.600000,64.686806
WORD332,squaw,5.250000,1.113943,1.900000,5.000000,114.600000,0.600000,79.265398
WORD333,poesy,5.000000,0.301030,8.000000,5.000000,295.000000,0.400000,74.259702
WORD334,grail,4.368421,1.397940,1.800000,5.000000,583.000000,0.600000,58.636927
WORD335,curry,5.300000,1.832509,1.750000,5.000000,399.000000,0.600000,55.355831
WORD336,flail,4.650000,0.903090,1.850000,5.000000,472.200000,0.600000,48.824559
WORD337,future,2.500000,3.387034,2.300000,6.000000,378.666667,0.500000,57.739317
WORD338,spring,4.100000,3.061075,1.550000,6.000000,574.500000,0.833333,65.787796
WORD339,figure,4.450000,3.279895,2.300000,6.000000,379.833333,0.500000,61.844238
WORD340,chance,2.500000,3.400883,1.750000,6.000000,571.500000,0.666667,69.266294
WORD341,summer,4.700000,3.335658,1.800000,6.000000,839.333333,0.666667,73.877162
WORD342,change,2.950000,3.314289,1.800000,6.000000,583.166667,0.666667,74.728992
WORD343,reason,2.450000,3.607348,1.950000,6.000000,886.166667,0.500000,66.741122
WORD344,corner,4.700000,3.224533,1.700000,6.000000,1369.333333,0.666667,59.669542
WORD345,method,3.300000,3.137987,2.650000,6.000000,390.666667,0.666667,74.616659
WORD346,health,3.250000,3.373280,1.850000,6.000000,450.500000,0.666667,64.356975
WORD347,spirit,2.050000,3.081707,2.050000,6.000000,457.500000,0.666667,54.358230
WORD348,person,5.300000,3.611829,1.850000,6.000000,673.833333,0.666667,68.045085
WORD349,marine,4.900000,2.264818,1.700000,6.000000,1021.000000,0.500000,66.202881
WORD350,credit,3.600000,2.837588,2.400000,6.000000,592.500000,0.666667,59.480252
WORD351,forest,5.950000,3.086360,1.900000,6.000000,815.833333,0.666667,59.502529
WORD352,advice,3.050000,3.117934,2.300000,6.000000,277.500000,0.500000,66.984273
WORD353,poetry,4.200000,2.583199,2.300000,6.000000,315.333333,0.500000,65.212872
WORD354,author,5.000000,2.718502,2.400000,6.000000,399.166667,0.500000,61.993270
WORD355,budget,4.150000,2.792392,1.900000,6.000000,378.500000,0.666667,75.822151
WORD356,handle,4.600000,2.444045,1.800000,6.000000,827.833333,0.666667,69.009002
WORD357,agency,4.500000,2.715167,2.600000,6.000000,153.166667,0.500000,74.031590
WORD358,rising,3.550000,3.003461,1.750000,6.000000,686.166667,0.666667,58.616070
WORD359,battle,4.600000,3.090611,1.750000,6.000000,728.833333,0.666667,62.411285
WORD360,tissue,5.700000,2.243038,2.350000,6.000000,488.500000,0.500000,61.935470
WORD361,temper,3.550000,2.436163,1.800000,6.000000,838.166667,0.666667,71.316508
WORD362,pencil,6.700000,2.442480,2.500000,6.000000,542.333333,0.666667,61.618943
WORD363,hazard,3.450000,2.225309,2.450000,6.000000,296.000000,0.666667,68.943826
WORD364,butter,6.550000,2.691081,1.300000,6.000000,974.333333,0.666667,60.832707
WORD365,cement,6.000000,2.292256,1.950000,6.000000,467.000000,0.666667,71.127123
WORD366,horror,3.300000,2.729165,2.350000,6.000000,692.666667,0.666667,56.043174
WORD367,infant,5.600000,2.571709,2.100000,6.000000,616.000000,0.666667,56.831681
WORD368,shadow,4.550000,2.728354,2.250000,6.000000,405.166667,0.666667,78.907368
WORD369,ghetto,4.650000,2.313867,2.850000,6.000000,246.666667,0.666667,68.611592
WORD370,excuse,3.300000,2.582063,2.150000,6.000000,302.333333,0.500000,69.681042
WORD371,ballot,5.850000,2.152288,1.850000,6.000000,675.666667,0.666667,59.226785
WORD372,shower,5.750000,2.456366,1.800000,6.000000,742.333333,0.666667,72.305359
WORD373,bodice,5.933333,1.491362,2.200000,6.000000,402.166667,0.500000,70.340003
WORD374,fright,3.150000,2.190332,1.700000,6.000000,385.666667,0.833333,57.682424
WORD375,vortex,4.500000,1.301030,2.450000,6.000000,598.833333,0.666667,59.843281
WORD376,mentor,4.450000,1.462398,2.000000,6.000000,642.333333,0.666667,66.052349
WORD377,casino,6.400000,1.832509,2.000000,6.000000,669.166667,0.500000,63.785778
WORD378,canopy,5.850000,1.919078,2.550000,6.000000,570.500000,0.500000,70.697286
WORD379,hearse,6.315789,1.591065,1.900000,6.000000,556.333333,0.500000,69.837986
WORD380,trench,5.150000,1.977724,1.850000,6.000000,611.833333,0.833333,60.956247
WORD381,stigma,2.600000,1.623249,2.800000,6.000000,402.833333,0.666667,70.705486
WORD382,felony,4.750000,0.954243,2.450000,6.000000,371.500000,0.500000,61.293738
WORD383,blazer,6.157895,1.832509,1.900000,6.000000,727.166667,0.666667,63.895958
WORD384,umpire,6.100000,1.414973,2.400000,6.000000,268.833333,0.500000,67.719435
WORD385,process,3.400000,3.420286,2.000000,7.000000,820.285714,0.714286,68.053391
WORD386,company,4.150000,3.505286,2.700000,7.000000,850.857143,0.571429,74.060517
WORD387,success,2.600000,3.264582,2.600000,7.000000,525.285714,0.714286,67.931037
WORD388,primary,3.350000,2.877371,2.450000,7.000000,612.571429,0.571429,63.991674
WORD389,meeting,5.000000,3.338257,1.900000,7.000000,896.285714,0.571429,71.600798
WORD390,station,5.450000,3.219846,1.950000,7.000000,667.000000,0.571429,59.402925
WORD391,despite,2.950000,3.252368,2.350000,7.000000,680.285714,0.571429,69.584484
WORD392,justice,2.100000,2.850646,2.600000,7.000000,626.571429,0.571429,59.479759
WORD393,current,3.550000,3.091667,2.400000,7.000000,632.142857,0.714286,57.114374
WORD394,forward,2.950000,3.337459,2.500000,7.000000,449.714286,0.714286,66.358642
WORD395,writing,4.400000,3.056142,1.800000,7.000000,939.142857,0.714286,61.680766
WORD396,meaning,2.100000,2.986772,1.850000,7.000000,1010.000000,0.571429,73.364884
WORD397,element,4.100000,2.889302,2.300000,7.000000,453.571429,0.571429,69.005438
WORD398,storage,4.750000,2.576341,2.550000,7.000000,496.428571,0.571429,68.546693
WORD399,display,4.050000,2.718502,2.650000,7.000000,643.285714,0.571429,66.049141
WORD400,advance,3.500000,2.877371,2.600000,7.000000,254.000000,0.571429,71.445006
WORD401,traffic,4.950000,2.985426,2.950000,7.000000,516.857143,0.714286,52.481716
WORD402,content,3.400000,2.498311,1.700000,7.000000,1268.714286,0.714286,61.886538
WORD403,mention,3.650000,2.344392,2.400000,7.000000,688.857143,0.571429,65.643653
WORD404,welcome,3.100000,2.531479,2.700000,7.000000,338.714286,0.571429,75.168253
WORD405,chinese,4.650000,0.301030,2.600000,7.000000,711.714286,0.571429,66.768864
WORD406,senator,5.750000,2.411620,2.550000,7.000000,519.714286,0.571429,64.002513
WORD407,payment,5.100000,2.639486,2.450000,7.000000,513.142857,0.571429,73.407047
WORD408,library,5.900000,2.974512,2.900000,7.000000,359.142857,0.571429,55.928702
WORD409,lighter,5.000000,2.309630,1.700000,7.000000,719.000000,0.714286,59.361731
WORD410,neglect,2.950000,2.184691,2.650000,7.000000,368.285714,0.714286,66.527076
WORD411,despair,2.400000,2.690196,2.900000,7.000000,517.000000,0.571429,68.273596
WORD412,stretch,4.300000,2.643453,2.350000,7.000000,498.857143,0.857143,59.910809
WORD413,reverse,3.700000,2.315970,1.800000,7.000000,954.142857,0.571429,64.156542
WORD414,nursery,5.750000,2.664642,2.700000,7.000000,722.142857,0.571429,60.967550
WORD415,textile,5.250000,1.954243,2.400000,7.000000,475.714286,0.571429,56.837830
WORD416,abandon,3.100000,1.819544,2.900000,7.000000,378.285714,0.571429,74.018997
WORD417,inquiry,3.450000,2.808886,2.650000,7.000000,390.857143,0.428571,57.734053
WORD418,transit,4.315789,2.152288,2.600000,7.000000,721.571429,0.714286,55.318946
WORD419,transom,3.000000,1.662758,2.650000,7.000000,619.714286,0.714286,66.042982
WORD420,charter,4.400000,2.155336,1.600000,7.000000,919.000000,0.714286,60.155132
WORD421,eclipse,5.050000,1.653213,2.550000,7.000000,210.142857,0.571429,65.105372
WORD422,discord,3.300000,1.505150,2.700000,7.000000,703.857143,0.714286,64.666214
WORD423,leprosy,5.800000,1.301030,3.000000,7.000000,345.285714,0.571429,64.447305
WORD424,blemish,5.250000,1.491362,2.750000,7.000000,386.428571,0.714286,68.446103
WORD425,cascade,4.650000,1.322219,2.700000,7.000000,505.142857,0.571429,73.002647
WORD426,embargo,4.950000,1.568202,3.050000,7.000000,203.000000,0.571429,77.366752
WORD427,consort,3.833333,1.643453,2.050000,7.000000,994.714286,0.714286,60.469927
WORD428,tantrum,4.000000,1.204120,2.950000,7.000000,527.142857,0.714286,62.144869
WORD429,sapling,5.900000,1.113943,1.800000,7.000000,854.714286,0.714286,66.925231
WORD430,gourmet,3.750000,1.301030,2.900000,7.000000,374.714286,0.571429,70.343105
WORD431,algebra,5.000000,1.568202,3.100000,7.000000,224.428571,0.571429,70.355621
WORD432,alimony,4.789474,1.176091,2.850000,7.000000,344.714286,0.428571,64.530281
WORD433,addition,3.900000,3.044932,2.350000,8.000000,482.125000,0.500000,63.649128
WORD434,pressure,3.800000,3.280806,2.600000,8.000000,585.875000,0.625000,66.248122
WORD435,possible,2.200000,3.780677,2.950000,8.000000,419.750000,0.625000,67.127826
WORD436,material,5.350000,3.235781,2.450000,8.000000,987.750000,0.500000,62.126647
WORD437,marriage,4.200000,3.224015,2.600000,8.000000,709.000000,0.500000,68.422227
WORD438,decision,3.600000,3.246499,2.400000,8.000000,647.750000,0.500000,63.954769
WORD439,hospital,5.850000,3.275311,3.150000,8.000000,426.750000,0.625000,62.498960
WORD440,standard,3.400000,2.813581,2.750000,8.000000,523.500000,0.750000,67.901905
WORD441,language,4.050000,3.372544,3.050000,8.000000,430.375000,0.500000,73.620389
WORD442,audience,4.700000,3.066326,3.000000,8.000000,371.000000,0.375000,68.992964
WORD443,increase,3.400000,2.963316,2.650000,8.000000,580.750000,0.500000,64.255007
WORD444,continue,2.950000,2.593286,2.600000,8.000000,1203.000000,0.500000,61.447493
WORD445,response,3.350000,3.097257,2.550000,8.000000,716.000000,0.625000,69.662160
WORD446,relation,3.600000,2.829304,1.900000,8.000000,828.125000,0.500000,57.371089
WORD447,occasion,3.550000,3.056905,2.700000,8.000000,321.000000,0.500000,64.352055
WORD448,superior,2.800000,2.676694,2.850000,8.000000,776.250000,0.500000,61.586343
WORD449,conflict,3.750000,2.921686,2.800000,8.000000,916.875000,0.750000,54.200787
WORD450,assembly,4.500000,2.663701,3.150000,8.000000,249.500000,0.625000,72.401880
WORD451,campaign,4.250000,3.158061,2.950000,8.000000,408.250000,0.625000,74.275115
WORD452,catholic,3.500000,0.301030,3.400000,8.000000,620.375000,0.625000,58.787040
WORD453,attorney,5.450000,2.264818,3.350000,8.000000,290.375000,0.500000,61.753392
WORD454,contrast,3.050000,2.863323,2.550000,8.000000,1063.375000,0.750000,59.708466
WORD455,location,4.150000,2.477121,1.900000,8.000000,523.875000,0.500000,58.704481
WORD456,domestic,3.700000,2.923762,3.000000,8.000000,687.750000,0.625000,68.597427
WORD457,luncheon,5.050000,2.068186,2.900000,8.000000,426.625000,0.625000,64.048786
WORD458,accident,3.800000,2.948413,2.700000,8.000000,359.750000,0.625000,64.664435
WORD459,monument,5.600000,2.278754,2.700000,8.000000,611.000000,0.625000,72.044648
WORD460,prospect,2.800000,2.732394,2.550000,8.000000,554.000000,0.750000,67.446434
WORD461,facility,4.500000,2.107210,2.600000,8.000000,475.250000,0.500000,53.068807
WORD462,barbecue,5.750000,1.431364,3.350000,8.000000,521.750000,0.500000,71.607727
WORD463,emission,4.950000,1.414973,2.350000,8.000000,344.750000,0.500000,66.092357
WORD464,devotion,2.350000,2.201397,2.500000,8.000000,601.750000,0.500000,64.212738
WORD465,heritage,3.150000,2.276462,2.800000,8.000000,552.750000,0.500000,66.750923
WORD466,validity,2.850000,2.089905,2.600000,8.000000,440.250000,0.500000,56.876761
WORD467,humanity,3.200000,2.525045,2.550000,8.000000,378.625000,0.500000,65.854247
WORD468,ideology,2.700000,2.878522,3.050000,8.000000,130.250000,0.375000,68.325502
WORD469,syndrome,3.750000,1.968483,3.950000,8.000000,277.750000,0.625000,71.186959
WORD470,exemplar,3.631579,0.301030,3.650000,8.000000,279.500000,0.625000,69.793078
WORD471,impurity,3.500000,1.230449,2.800000,8.000000,388.750000,0.500000,60.388294
WORD472,physique,4.600000,1.707570,3.800000,8.000000,153.250000,0.500000,70.425990
WORD473,breakage,4.150000,1.176091,2.850000,8.000000,424.250000,0.500000,75.217461
WORD474,travesty,2.900000,1.342423,2.900000,8.000000,690.375000,0.625000,60.903543
WORD475,magnolia,5.750000,1.414973,3.600000,8.000000,455.125000,0.500000,69.486058
WORD476,stiletto,5.947368,0.845098,3.750000,8.000000,522.000000,0.625000,55.228311
WORD477,variance,3.200000,1.431364,2.800000,8.000000,612.500000,0.500000,62.385785
WORD478,syllable,4.450000,1.643453,2.650000,8.000000,374.250000,0.625000,61.576776
WORD479,hypnosis,3.800000,1.505150,3.700000,8.000000,224.250000,0.625000,67.096849
WORD480,infusion,3.750000,1.322219,2.500000,8.000000,536.625000,0.500000,57.703380
WORD481,real,2.200000,3.728759,1.150000,4.000000,1020.000000,0.500000,59.165624
WORD482,wish,2.600000,2.702431,1.600000,4.000000,607.250000,0.750000,70.999578
WORD483,east,4.300000,2.762679,1.250000,4.000000,592.250000,0.500000,68.367720
WORD484,firm,4.150000,2.830589,1.700000,4.000000,366.500000,0.750000,56.564561
WORD485,girl,5.500000,3.694166,1.850000,4.000000,233.000000,0.750000,54.077846
WORD486,jazz,4.900000,2.184691,1.950000,4.000000,112.500000,0.750000,63.449116
WORD487,care,3.300000,3.227630,1.000000,4.000000,1117.000000,0.500000,65.085948
WORD488,past,2.500000,3.272306,1.100000,4.000000,857.500000,0.750000,69.552820
WORD489,wall,6.150000,3.375664,1.200000,4.000000,731.750000,0.750000,63.787677
WORD490,half,4.650000,3.486572,1.700000,4.000000,523.250000,0.750000,58.948694
WORD491,deep,3.100000,3.211121,1.500000,4.000000,608.000000,0.500000,82.195928
WORD492,door,6.100000,3.770263,1.550000,4.000000,470.000000,0.500000,66.445799
WORD493,bank,5.400000,3.368101,1.050000,4.000000,674.750000,0.750000,72.916479
WORD494,self,2.700000,2.839478,1.800000,4.000000,465.750000,0.750000,59.063761
WORD495,save,2.950000,2.450249,1.000000,4.000000,419.000000,0.500000,70.774942
WORD496,nose,6.350000,3.116608,1.200000,4.000000,370.500000,0.500000,70.523867
WORD497,tour,4.315789,2.841985,1.550000,4.000000,486.250000,0.500000,55.848279
WORD498,hero,3.150000,2.737193,1.550000,4.000000,649.500000,0.500000,65.798441
WORD499,rule,2.650000,2.994757,1.500000,4.000000,351.750000,0.500000,56.016906
WORD500,lady,4.900000,3.086360,1.750000,4.000000,252.250000,0.500000,66.727537
WORD501,king,5.750000,3.203848,1.500000,4.000000,483.250000,0.750000,66.782478
WORD502,wire,5.650000,2.792392,1.050000,4.000000,483.500000,0.500000,66.167386
WORD503,goal,3.350000,2.725912,1.700000,4.000000,291.250000,0.500000,70.026454
WORD504,item,5.100000,2.545307,1.900000,4.000000,126.250000,0.500000,65.858512
WORD505,acid,5.200000,2.444045,1.700000,4.000000,149.500000,0.500000,66.187316
WORD506,soup,6.100000,2.559907,1.700000,4.000000,430.250000,0.500000,72.027855
WORD507,bore,3.550000,2.068186,1.050000,4.000000,786.250000,0.500000,68.910505
WORD508,chip,4.950000,2.008600,1.350000,4.000000,488.000000,0.750000,65.023213
WORD509,host,4.550000,2.567026,1.450000,4.000000,653.750000,0.750000,64.600033
WORD510,bunk,5.650000,1.977724,1.300000,4.000000,368.750000,0.750000,69.767760
WORD511,wise,3.050000,2.753583,1.450000,4.000000,645.250000,0.500000,73.065420
WORD512,debt,3.800000,2.657056,1.750000,4.000000,492.500000,0.750000,73.960609
WORD513,pity,2.300000,2.710117,1.700000,4.000000,261.000000,0.500000,60.360848
WORD514,trim,4.150000,1.812913,1.500000,4.000000,597.500000,0.750000,56.238861
WORD515,pond,5.650000,2.411620,1.650000,4.000000,936.000000,0.750000,75.484791
WORD516,silk,5.950000,2.644439,1.500000,4.000000,362.000000,0.750000,54.184939
WORD517,diva,5.000000,0.301030,1.850000,4.000000,498.000000,0.500000,64.978277
WORD518,pore,5.400000,1.041393,1.000000,4.000000,822.750000,0.500000,69.049383
WORD519,blob,4.350000,1.491362,1.650000,4.000000,314.500000,0.750000,69.175876
WORD520,wisp,3.722222,1.361728,1.700000,4.000000,595.000000,0.750000,74.250520
WORD521,hunk,4.388889,1.531479,1.250000,4.000000,284.250000,0.750000,66.655696
WORD522,lava,6.050000,1.806180,1.850000,4.000000,275.750000,0.500000,62.325214
WORD523,rink,5.600000,1.322219,1.200000,4.000000,408.000000,0.750000,53.448959
WORD524,pawn,5.000000,1.518514,1.500000,4.000000,371.500000,0.750000,81.535335
WORD525,gist,3.050000,1.505150,1.650000,4.000000,798.000000,0.750000,63.279941
WORD526,cusp,3.350000,0.477121,1.900000,4.000000,314.750000,0.750000,70.020364
WORD527,brig,5.866667,0.602060,1.650000,4.000000,532.500000,0.750000,65.524572
WORD528,shah,5.357143,1.869232,1.850000,4.000000,405.000000,0.750000,72.332479
WORD529,truth,2.500000,3.357935,1.900000,5.000000,463.200000,0.800000,54.518272
WORD530,style,2.300000,3.188366,1.800000,5.000000,499.000000,0.600000,60.492217
WORD531,story,4.250000,3.476107,1.700000,5.000000,465.800000,0.600000,59.138747
WORD532,radio,5.850000,3.177248,1.850000,5.000000,337.600000,0.400000,62.851449
WORD533,month,3.900000,3.207365,1.800000,5.000000,857.200000,0.800000,69.314542
WORD534,woman,5.900000,3.783403,1.900000,5.000000,456.200000,0.600000,81.150017
WORD535,white,3.900000,3.789933,1.750000,5.000000,553.800000,0.600000,68.491128
WORD536,floor,6.100000,3.460748,1.850000,5.000000,458.800000,0.600000,53.767604
WORD537,moral,2.350000,3.014521,1.500000,5.000000,727.800000,0.600000,64.202329
WORD538,staff,5.350000,3.320354,1.850000,5.000000,439.600000,0.800000,58.252315
WORD539,force,3.250000,3.386856,1.700000,5.000000,579.200000,0.600000,60.482014
WORD540,visit,3.350000,2.947434,1.950000,5.000000,620.000000,0.600000,51.434818
WORD541,shore,5.650000,2.609594,1.150000,5.000000,559.400000,0.600000,66.452783
WORD542,spite,2.900000,2.947434,1.550000,5.000000,537.400000,0.600000,64.592264
WORD543,depth,3.350000,2.674861,1.900000,5.000000,597.400000,0.800000,73.618241
WORD544,phase,3.100000,2.745075,1.850000,5.000000,472.000000,0.600000,76.458061
WORD545,offer,3.650000,2.798651,1.900000,5.000000,593.200000,0.600000,57.849565
WORD546,truck,6.400000,2.648360,1.650000,5.000000,435.400000,0.800000,56.602296
WORD547,sweet,3.250000,2.879096,1.600000,5.000000,282.800000,0.600000,75.624498
WORD548,trust,2.450000,2.828015,1.600000,5.000000,510.000000,0.800000,53.993651
WORD549,stone,6.350000,2.868056,1.450000,5.000000,539.800000,0.600000,65.933265
WORD550,cross,5.100000,2.603144,1.700000,5.000000,591.800000,0.800000,62.344018
WORD551,shift,3.842105,2.607455,1.700000,5.000000,356.000000,0.800000,55.774918
WORD552,youth,3.750000,3.064458,1.800000,5.000000,405.800000,0.400000,64.223440
WORD553,stern,3.650000,2.190332,1.900000,5.000000,549.800000,0.800000,60.215695
WORD554,stuff,3.700000,3.062582,1.750000,5.000000,371.800000,0.800000,55.733340
WORD555,craft,4.300000,2.120574,1.750000,5.000000,488.800000,0.800000,55.366337
WORD556,quest,3.850000,2.064458,1.950000,5.000000,351.600000,0.600000,69.082596
WORD557,shirt,6.350000,2.910091,1.700000,5.000000,442.400000,0.800000,54.295790
WORD558,nerve,4.250000,2.411620,1.800000,5.000000,525.600000,0.600000,64.318767
WORD559,shell,5.900000,2.705008,1.550000,5.000000,414.000000,0.800000,59.485850
WORD560,movie,5.450000,2.728354,1.900000,5.000000,358.000000,0.400000,68.625761
WORD561,spark,4.850000,1.944483,1.650000,5.000000,369.600000,0.800000,67.953353
WORD562,lever,5.750000,2.071882,1.350000,5.000000,777.600000,0.600000,59.389123
WORD563,array,4.100000,2.181844,2.000000,5.000000,287.400000,0.400000,60.842275
WORD564,fence,6.000000,2.602060,1.750000,5.000000,474.400000,0.600000,66.765127
WORD565,spoof,4.050000,0.698970,1.800000,5.000000,260.400000,0.600000,68.554514
WORD566,curio,4.250000,0.602060,1.900000,5.000000,466.200000,0.400000,55.904966
WORD567,bravo,3.150000,1.176091,1.950000,5.000000,507.600000,0.600000,65.951679
WORD568,blush,4.500000,1.477121,1.650000,5.000000,322.800000,0.800000,65.507581
WORD569,sloop,4.266667,0.845098,1.700000,5.000000,305.600000,0.600000,66.450704
WORD570,nasal,4.700000,1.662758,1.900000,5.000000,396.200000,0.600000,64.834817
WORD571,sneak,3.550000,1.113943,1.800000,5.000000,258.200000,0.600000,71.310235
WORD572,quirk,2.947368,1.255273,1.850000,5.000000,206.600000,0.600000,59.921672
WORD573,query,3.750000,1.740363,2.000000,5.000000,318.000000,0.400000,67.551767
WORD574,genre,4.300000,1.447158,1.850000,5.000000,472.400000,0.600000,71.841236
WORD575,crust,5.800000,2.096910,1.750000,5.000000,458.000000,0.800000,56.886661
WORD576,swirl,4.200000,1.342423,1.900000,5.000000,187.200000,0.800000,58.427537
WORD577,police,5.250000,3.567614,1.850000,6.000000,567.833333,0.500000,62.796116
WORD578,middle,3.850000,3.215638,1.700000,6.000000,548.833333,0.666667,70.427449
WORD579,degree,4.350000,3.273696,2.400000,6.000000,566.666667,0.500000,76.722236
WORD580,market,4.850000,3.375664,1.850000,6.000000,840.000000,0.666667,67.961162
WORD581,member,4.600000,3.239800,1.900000,6.000000,762.833333,0.666667,79.002096
WORD582,volume,3.600000,2.725912,2.550000,6.000000,323.333333,0.500000,67.349187
WORD583,modern,2.850000,3.476107,2.350000,6.000000,749.500000,0.666667,72.152780
WORD584,policy,4.350000,3.478133,2.450000,6.000000,524.666667,0.500000,60.721486
WORD585,effort,2.750000,3.195346,2.600000,6.000000,256.500000,0.666667,56.136447
WORD586,matter,3.300000,3.602603,1.500000,6.000000,1166.166667,0.666667,64.614917
WORD587,public,4.000000,3.662380,2.550000,6.000000,460.666667,0.666667,62.529016
WORD588,window,6.250000,3.375298,2.200000,6.000000,461.666667,0.666667,77.007548
WORD589,bottom,4.000000,3.166726,2.350000,6.000000,430.500000,0.666667,68.942478
WORD590,breath,4.800000,2.996074,1.700000,6.000000,619.500000,0.666667,66.952252
WORD591,winter,4.450000,3.153510,1.650000,6.000000,1032.166667,0.666667,62.540538
WORD592,talent,2.850000,2.635484,1.950000,6.000000,638.166667,0.666667,58.888170
WORD593,notion,2.300000,2.815578,1.750000,6.000000,459.166667,0.500000,59.229152
WORD594,appeal,2.900000,2.915927,2.400000,6.000000,340.333333,0.500000,73.575297
WORD595,cousin,5.000000,2.603144,2.300000,6.000000,1226.666667,0.500000,61.686632
WORD596,double,3.950000,2.808211,1.850000,6.000000,557.833333,0.500000,70.161739
WORD597,excess,3.450000,2.220108,2.300000,6.000000,396.166667,0.666667,70.479671
WORD598,female,4.400000,3.019116,2.350000,6.000000,530.666667,0.500000,69.709111
WORD599,senate,5.550000,2.418301,1.950000,6.000000,686.333333,0.500000,69.405055
WORD600,factor,3.200000,2.899273,1.850000,6.000000,446.500000,0.666667,57.816259
WORD601,pistol,6.000000,2.406540,2.300000,6.000000,740.500000,0.666667,58.570863
WORD602,ribbon,6.250000,2.025306,2.650000,6.000000,325.666667,0.666667,64.082734
WORD603,clergy,5.000000,1.934498,2.500000,6.000000,356.666667,0.666667,64.024348
WORD604,sermon,4.600000,1.995635,1.950000,6.000000,649.333333,0.666667,69.635565
WORD605,cancer,5.150000,3.131939,1.700000,6.000000,1078.000000,0.666667,64.230421
WORD606,cereal,6.050000,2.318063,2.050000,6.000000,587.000000,0.500000,63.109171
WORD607,marble,5.900000,2.604226,1.850000,6.000000,906.000000,0.666667,69.173986
WORD608,phrase,4.150000,2.779596,2.100000,6.000000,353.333333,0.666667,70.628053
WORD609,morale,1.850000,2.260071,1.900000,6.000000,845.666667,0.500000,66.828045
WORD610,cavity,5.400000,1.716003,2.250000,6.000000,465.666667,0.500000,58.809211
WORD611,divine,2.250000,2.414973,1.900000,6.000000,671.333333,0.500000,61.277662
WORD612,tenure,4.150000,2.716003,2.250000,6.000000,493.333333,0.500000,62.707220
WORD613,cipher,4.578947,1.531479,1.950000,6.000000,601.000000,0.666667,63.587915
WORD614,belfry,5.562500,1.146128,2.800000,6.000000,335.500000,0.666667,60.052211
WORD615,crater,5.700000,1.934498,1.700000,6.000000,1124.333333,0.666667,58.232111
WORD616,covert,3.100000,1.740363,1.750000,6.000000,1125.333333,0.666667,59.717836
WORD617,cavern,6.050000,1.544068,1.900000,6.000000,816.666667,0.666667,63.424394
WORD618,oracle,3.600000,1.255273,2.200000,6.000000,629.000000,0.500000,61.460712
WORD619,libido,3.894737,1.278754,2.900000,6.000000,238.000000,0.500000,60.011462
WORD620,gender,3.050000,2.000000,1.650000,6.000000,938.000000,0.666667,73.896604
WORD621,heresy,3.150000,1.740363,2.050000,6.000000,667.666667,0.500000,68.277252
WORD622,anthem,4.750000,1.653213,2.600000,6.000000,449.000000,0.666667,72.222786
WORD623,trauma,3.350000,1.672098,2.750000,6.000000,549.666667,0.500000,66.885608
WORD624,zombie,5.450000,1.041393,2.700000,6.000000,440.666667,0.500000,72.107052
WORD625,society,2.750000,3.697578,2.650000,7.000000,349.857143,0.428571,62.553559
WORD626,control,3.000000,3.512818,2.850000,7.000000,1031.428571,0.714286,56.081993
WORD627,feeling,1.850000,3.402261,1.750000,7.000000,805.714286,0.571429,63.803300
WORD628,quality,2.600000,3.282169,2.650000,7.000000,381.714286,0.428571,60.112797
WORD629,officer,5.500000,3.147676,2.600000,7.000000,519.571429,0.571429,56.135771
WORD630,special,2.550000,3.526598,2.500000,7.000000,371.714286,0.571429,64.664890
WORD631,evening,4.250000,3.517460,2.150000,7.000000,734.428571,0.571429,68.513915
WORD632,student,5.250000,3.271144,2.750000,7.000000,580.571429,0.714286,65.089019
WORD633,subject,4.200000,3.351216,2.600000,7.000000,329.142857,0.714286,65.547594
WORD634,outside,3.500000,3.341632,2.200000,7.000000,351.142857,0.428571,65.254569
WORD635,surface,4.800000,3.236033,2.500000,7.000000,384.571429,0.571429,63.223711
WORD636,hundred,4.950000,3.552547,2.300000,7.000000,567.571429,0.714286,69.822284
WORD637,musical,4.100000,2.619093,2.500000,7.000000,406.571429,0.571429,63.788409
WORD638,removal,3.500000,2.371068,2.650000,7.000000,588.571429,0.571429,65.452574
WORD639,contact,4.000000,3.077368,2.050000,7.000000,1042.428571,0.714286,61.307924
WORD640,shelter,5.000000,2.555094,1.900000,7.000000,761.714286,0.714286,61.154305
WORD641,minimum,3.350000,2.588832,3.150000,7.000000,389.142857,0.571429,70.476321
WORD642,variety,3.350000,3.048053,2.550000,7.000000,621.571429,0.428571,58.893429
WORD643,holding,3.800000,3.228400,1.850000,7.000000,867.000000,0.714286,66.252681
WORD644,cutting,4.300000,2.572872,1.800000,7.000000,937.428571,0.714286,60.133940
WORD645,village,5.800000,3.384353,2.100000,7.000000,506.142857,0.571429,61.031085
WORD646,benefit,3.150000,3.099681,2.650000,7.000000,506.142857,0.571429,63.595538
WORD647,conduct,2.850000,2.445604,2.350000,7.000000,956.714286,0.714286,64.737597
WORD648,express,3.150000,2.240549,2.300000,7.000000,587.571429,0.714286,69.573880
WORD649,horizon,4.950000,2.515874,2.900000,7.000000,521.428571,0.571429,60.077749
WORD650,triumph,3.100000,2.670246,2.750000,7.000000,361.428571,0.714286,63.660586
WORD651,turmoil,3.600000,1.908485,3.050000,7.000000,333.571429,0.571429,56.807757
WORD652,collect,3.500000,2.071882,2.500000,7.000000,1013.714286,0.714286,56.910625
WORD653,battery,5.850000,2.499687,1.850000,7.000000,958.285714,0.571429,63.585708
WORD654,lantern,6.300000,1.880814,2.250000,7.000000,1001.285714,0.714286,58.605573
WORD655,dilemma,2.600000,2.374748,3.600000,7.000000,519.571429,0.571429,72.786343
WORD656,pitcher,5.650000,1.301030,1.850000,7.000000,709.428571,0.714286,61.299764
WORD657,painter,5.900000,2.518514,1.800000,7.000000,938.428571,0.571429,62.177895
WORD658,urgency,2.900000,2.206826,2.700000,7.000000,222.857143,0.571429,67.581811
WORD659,theorem,3.250000,1.579784,2.850000,7.000000,407.428571,0.571429,69.280164
WORD660,veteran,4.850000,1.857332,2.900000,7.000000,881.428571,0.571429,63.719706
WORD661,brewery,6.500000,1.531479,2.650000,7.000000,747.714286,0.571429,70.869696
WORD662,scuffle,4.000000,1.361728,2.350000,7.000000,307.428571,0.714286,58.777569
WORD663,majesty,3.400000,1.785330,2.900000,7.000000,482.285714,0.571429,69.571338
WORD664,inferno,4.150000,1.579784,2.750000,7.000000,759.571429,0.571429,58.292355
WORD665,buffoon,4.400000,0.778151,2.900000,7.000000,281.285714,0.571429,64.185967
WORD666,muffler,6.150000,1.041393,2.500000,7.000000,667.000000,0.714286,59.436406
WORD667,vanilla,5.550000,1.531479,2.900000,7.000000,508.714286,0.571429,56.046423
WORD668,lunatic,4.000000,1.690196,2.950000,7.000000,502.142857,0.571429,56.254641
WORD669,canteen,5.550000,2.025306,2.800000,7.000000,838.571429,0.571429,67.485558
WORD670,mockery,3.450000,1.880814,2.400000,7.000000,776.714286,0.571429,68.990498
WORD671,redress,3.555556,1.146128,2.300000,7.000000,821.000000,0.714286,66.454718
WORD672,fluency,2.850000,1.612784,2.900000,7.000000,338.571429,0.571429,60.572977
WORD673,straight,3.600000,3.120245,2.850000,8.000000,382.125000,0.750000,61.341893
WORD674,movement,3.150000,3.534914,2.750000,8.000000,447.500000,0.625000,73.279044
WORD675,research,4.050000,3.334856,3.050000,8.000000,636.375000,0.625000,65.317730
WORD676,industry,4.450000,3.418301,3.450000,8.000000,552.125000,0.625000,59.843648
WORD677,religion,3.250000,2.963788,2.700000,8.000000,695.250000,0.500000,58.875421
WORD678,congress,5.200000,2.428135,2.700000,8.000000,1132.375000,0.750000,68.686454
WORD679,interest,2.550000,3.582745,2.400000,8.000000,1242.625000,0.625000,58.784077
WORD680,business,4.750000,3.626853,2.600000,8.000000,724.875000,0.625000,67.532057
WORD681,children,5.400000,4.069853,3.450000,8.000000,499.375000,0.750000,60.295169
WORD682,original,3.300000,3.182985,2.550000,8.000000,650.375000,0.500000,58.489999
WORD683,question,3.100000,3.708251,2.800000,8.000000,506.375000,0.500000,65.018543
WORD684,thousand,5.200000,3.308137,3.250000,8.000000,354.750000,0.625000,68.341004
WORD685,railroad,6.000000,2.071882,3.050000,8.000000,286.000000,0.500000,58.870390
WORD686,negative,3.050000,2.710117,2.700000,8.000000,399.000000,0.500000,67.629835
WORD687,aircraft,6.250000,2.603144,3.600000,8.000000,247.000000,0.625000,54.606202
WORD688,exchange,3.950000,2.888741,2.750000,8.000000,495.000000,0.625000,73.889893
WORD689,parallel,3.800000,2.482874,2.750000,8.000000,777.000000,0.625000,59.367749
WORD690,contract,4.700000,2.731589,2.250000,8.000000,1001.125000,0.750000,58.829185
WORD691,interior,4.200000,2.469822,2.400000,8.000000,1042.875000,0.500000,53.360692
WORD692,creation,3.150000,2.751279,2.200000,8.000000,718.500000,0.500000,60.331251
WORD693,doctrine,2.950000,2.459392,2.850000,8.000000,677.500000,0.625000,61.243776
WORD694,republic,3.750000,2.567026,3.300000,8.000000,576.250000,0.625000,62.076092
WORD695,surprise,3.550000,3.000868,2.650000,8.000000,510.250000,0.625000,61.461878
WORD696,engineer,5.500000,2.371068,3.100000,8.000000,538.375000,0.500000,67.979037
WORD697,civilian,4.750000,2.267172,3.000000,8.000000,443.000000,0.500000,52.808292
WORD698,cardinal,4.600000,2.152288,2.550000,8.000000,955.125000,0.625000,60.557246
WORD699,champion,4.150000,2.359835,2.850000,8.000000,477.125000,0.625000,70.534338
WORD700,momentum,3.650000,2.252853,3.550000,8.000000,513.000000,0.625000,75.949282
WORD701,ambition,2.450000,2.394452,2.750000,8.000000,446.000000,0.500000,64.903444
WORD702,minority,3.550000,2.714330,3.100000,8.000000,595.125000,0.500000,58.399956
WORD703,electron,5.450000,2.037426,2.400000,8.000000,363.625000,0.625000,60.302666
WORD704,customer,5.000000,2.409933,2.650000,8.000000,603.750000,0.625000,66.086962
WORD705,graduate,4.850000,2.093422,2.650000,8.000000,630.375000,0.500000,70.751988
WORD706,calendar,5.650000,2.123852,3.150000,8.000000,630.875000,0.625000,65.343490
WORD707,stockade,5.062500,1.397940,2.950000,8.000000,379.250000,0.625000,69.674303
WORD708,duration,3.250000,2.130334,2.350000,8.000000,607.125000,0.500000,61.138663
WORD709,pacifist,4.200000,1.653213,3.050000,8.000000,504.375000,0.625000,59.056773
WORD710,clarinet,6.250000,1.568202,2.950000,8.000000,814.000000,0.625000,56.367344
WORD711,minstrel,4.894737,1.000000,2.850000,8.000000,585.125000,0.750000,59.417457
WORD712,nautilus,4.333333,1.041393,3.400000,8.000000,377.375000,0.500000,58.136889
WORD713,subpoena,5.300000,0.778151,3.950000,8.000000,362.375000,0.500000,74.010704
WORD714,canister,5.750000,1.230449,2.450000,8.000000,884.625000,0.625000,60.206787
WORD715,peroxide,5.850000,1.146128,2.950000,8.000000,436.000000,0.500000,68.097855
WORD716,ordnance,4.105263,1.414973,3.050000,8.000000,248.125000,0.625000,67.573595
WORD717,emissary,4.941176,1.301030,3.350000,8.000000,243.500000,0.500000,67.482950
WORD718,ablation,3.916667,0.301030,8.000000,8.000000,461.125000,0.500000,62.318605
WORD719,fracture,5.300000,1.579784,2.700000,8.000000,472.500000,0.625000,57.818087
WORD720,materiel,5.058824,0.301030,8.000000,8.000000,1005.750000,0.500000,62.512068
WORD721,heat,4.150000,3.292920,1.200000,4.000000,624.500000,0.500000,69.023496
WORD722,test,4.350000,3.079904,1.250000,4.000000,730.000000,0.750000,61.042122
WORD723,lack,2.800000,3.160769,1.000000,4.000000,538.250000,0.750000,61.228022
WORD724,hell,2.950000,3.200850,1.100000,4.000000,690.500000,0.750000,57.089775
WORD725,stay,3.600000,2.835691,1.350000,4.000000,494.750000,0.500000,65.255775
WORD726,wide,4.050000,3.167022,1.250000,4.000000,360.250000,0.500000,76.841243
WORD727,city,5.050000,3.550106,1.900000,4.000000,180.000000,0.500000,54.695568
WORD728,fire,5.900000,3.419460,1.100000,4.000000,503.750000,0.500000,52.993741
WORD729,rise,3.400000,2.899273,1.100000,4.000000,617.500000,0.500000,58.042864
WORD730,mean,3.100000,3.239800,1.350000,4.000000,743.000000,0.500000,78.518150
WORD731,club,5.200000,3.202488,1.850000,4.000000,274.250000,0.750000,62.202601
WORD732,deal,3.600000,3.379124,1.050000,4.000000,860.000000,0.500000,69.839481
WORD733,task,4.000000,3.070038,1.550000,4.000000,375.250000,0.750000,65.290646
WORD734,term,3.950000,3.170555,1.750000,4.000000,612.000000,0.750000,65.811350
WORD735,camp,5.350000,3.030600,1.200000,4.000000,656.500000,0.750000,79.461521
WORD736,vice,2.700000,2.161368,1.350000,4.000000,323.250000,0.500000,60.214735
WORD737,moon,5.850000,2.978637,1.250000,4.000000,532.750000,0.500000,74.343616
WORD738,wild,3.150000,3.145196,1.550000,4.000000,340.000000,0.750000,66.440740
WORD739,fort,5.900000,2.614897,1.200000,4.000000,708.500000,0.750000,51.997100
WORD740,mine,4.750000,3.154424,1.000000,4.000000,632.750000,0.500000,69.716505
WORD741,cool,2.650000,2.812913,1.450000,4.000000,1094.750000,0.500000,60.130563
WORD742,tree,6.700000,3.111934,1.650000,4.000000,741.250000,0.500000,62.240529
WORD743,team,4.350000,3.180413,1.350000,4.000000,544.250000,0.500000,74.660158
WORD744,cook,5.300000,2.426511,1.250000,4.000000,1060.000000,0.500000,67.453992
WORD745,nest,6.050000,2.376577,1.300000,4.000000,687.000000,0.750000,64.900114
WORD746,tomb,6.250000,2.396199,1.700000,4.000000,466.750000,0.750000,74.004535
WORD747,lock,5.650000,2.264818,1.050000,4.000000,430.000000,0.750000,59.526177
WORD748,grab,4.050000,1.643453,1.550000,4.000000,590.750000,0.750000,74.326217
WORD749,ruin,3.600000,2.004321,1.750000,4.000000,344.750000,0.500000,52.606471
WORD750,wing,5.900000,2.758912,1.200000,4.000000,534.750000,0.750000,75.262456
WORD751,cult,4.500000,2.209515,1.700000,4.000000,294.500000,0.750000,53.059937
WORD752,bush,5.600000,2.876218,1.300000,4.000000,394.750000,0.750000,72.295824
WORD753,joke,4.000000,2.769377,1.450000,4.000000,108.000000,0.500000,67.362639
WORD754,spit,5.250000,1.397940,1.500000,4.000000,362.750000,0.750000,60.751175
WORD755,chin,5.850000,2.660865,1.450000,4.000000,637.750000,0.750000,59.599664
WORD756,cash,5.800000,2.954243,1.250000,4.000000,652.250000,0.750000,69.918141
WORD757,cove,5.850000,1.579784,1.100000,4.000000,1003.000000,0.500000,67.314535
WORD758,kale,4.818182,1.612784,1.350000,4.000000,461.500000,0.500000,65.708202
WORD759,goad,3.062500,0.698970,1.450000,4.000000,280.750000,0.500000,81.481163
WORD760,omen,3.300000,1.698970,1.700000,4.000000,137.250000,0.500000,76.816305
WORD761,dope,4.850000,1.819544,1.150000,4.000000,369.250000,0.500000,79.723240
WORD762,gill,6.052632,1.079181,1.150000,4.000000,540.750000,0.750000,53.296995
WORD763,loft,5.400000,1.672098,1.550000,4.000000,180.750000,0.750000,51.216248
WORD764,thug,5.350000,1.342423,1.700000,4.000000,242.250000,0.750000,69.588645
WORD765,rasp,4.058824,1.000000,1.600000,4.000000,443.750000,0.750000,68.029610
WORD766,cask,5.500000,1.204120,1.600000,4.000000,585.000000,0.750000,68.906908
WORD767,chum,4.722222,1.740363,1.850000,4.000000,354.750000,0.750000,73.061860
WORD768,lute,5.277778,1.278754,1.650000,4.000000,521.500000,0.500000,57.540116
WORD769,money,5.550000,3.858958,1.750000,5.000000,698.800000,0.400000,74.954813
WORD770,blood,6.000000,3.404320,1.700000,5.000000,320.400000,0.600000,69.360261
WORD771,music,4.150000,3.378761,2.000000,5.000000,394.000000,0.600000,66.258200
WORD772,paper,5.500000,3.495406,1.600000,5.000000,922.600000,0.600000,73.540387
WORD773,water,6.000000,3.889302,1.500000,5.000000,1038.000000,0.600000,69.489397
WORD774,cause,2.750000,3.122216,1.750000,5.000000,588.400000,0.400000,70.442860
WORD775,chief,4.700000,2.958564,1.850000,5.000000,415.200000,0.600000,60.845222
WORD776,hotel,5.950000,3.350636,1.850000,5.000000,591.800000,0.600000,61.528243
WORD777,plane,5.750000,2.911690,1.400000,5.000000,637.200000,0.600000,68.576867
WORD778,doubt,2.250000,3.377852,1.950000,5.000000,337.600000,0.600000,70.046012
WORD779,earth,5.150000,3.343409,1.850000,5.000000,711.000000,0.600000,63.514400
WORD780,voice,3.900000,3.619093,1.850000,5.000000,230.600000,0.400000,62.184962
WORD781,title,4.100000,2.788168,1.800000,5.000000,373.400000,0.600000,51.023923
WORD782,scale,5.100000,3.118595,1.550000,5.000000,467.200000,0.600000,65.258107
WORD783,grass,6.400000,3.171434,1.550000,5.000000,610.400000,0.800000,70.260732
WORD784,index,4.750000,2.403121,2.000000,5.000000,680.000000,0.600000,66.317627
WORD785,award,5.500000,2.230449,1.850000,5.000000,240.000000,0.600000,76.193240
WORD786,metal,5.850000,2.905256,1.750000,5.000000,489.400000,0.600000,67.399048
WORD787,grace,2.550000,2.572872,1.400000,5.000000,633.600000,0.600000,71.031177
WORD788,frame,5.750000,2.646404,1.750000,5.000000,582.400000,0.600000,68.284290
WORD789,focus,2.850000,2.561101,1.950000,5.000000,322.200000,0.600000,62.864792
WORD790,chest,6.000000,2.891537,1.750000,5.000000,568.000000,0.800000,66.065358
WORD791,motor,5.550000,2.668386,1.850000,5.000000,476.000000,0.600000,64.684102
WORD792,sheet,5.800000,2.790285,1.650000,5.000000,481.200000,0.600000,69.649502
WORD793,midst,3.050000,2.376577,1.850000,5.000000,429.000000,0.800000,67.344205
WORD794,waste,4.400000,2.873321,1.650000,5.000000,806.200000,0.600000,75.007824
WORD795,curse,3.000000,2.127105,1.600000,5.000000,492.400000,0.600000,63.363814
WORD796,glory,2.300000,2.588832,1.950000,5.000000,307.400000,0.600000,62.443886
WORD797,abuse,3.050000,2.404834,1.800000,5.000000,286.000000,0.400000,74.863982
WORD798,cream,5.650000,2.713491,1.650000,5.000000,612.200000,0.600000,70.916739
WORD799,squad,4.550000,2.225309,1.700000,5.000000,156.200000,0.600000,75.786439
WORD800,ranch,5.400000,2.012837,1.900000,5.000000,656.600000,0.800000,63.016651
WORD801,shaft,5.400000,2.262451,1.900000,5.000000,363.000000,0.800000,62.816235
WORD802,venus,5.700000,0.301030,1.750000,5.000000,384.000000,0.600000,66.701544
WORD803,slice,5.000000,2.201397,1.500000,5.000000,331.400000,0.600000,58.216791
WORD804,shelf,5.500000,2.392697,1.850000,5.000000,353.000000,0.800000,61.589660
WORD805,craze,3.200000,1.662758,1.650000,5.000000,474.400000,0.600000,64.583106
WORD806,cleat,6.000000,1.361728,1.700000,5.000000,480.400000,0.600000,60.958249
WORD807,sheen,4.000000,1.662758,1.800000,5.000000,592.000000,0.600000,72.735896
WORD808,plaza,5.700000,1.792392,1.950000,5.000000,326.600000,0.600000,67.873974
WORD809,fable,4.300000,1.505150,1.650000,5.000000,382.800000,0.600000,65.639931
WORD810,broil,4.700000,0.301030,1.950000,5.000000,571.800000,0.600000,55.141335
WORD811,lymph,4.833333,1.146128,2.300000,5.000000,195.800000,0.800000,71.298728
WORD812,knoll,5.650000,1.518514,2.000000,5.000000,205.200000,0.800000,55.485248
WORD813,clove,5.526316,1.230449,1.650000,5.000000,379.000000,0.600000,61.522550
WORD814,crate,5.450000,1.653213,1.450000,5.000000,819.800000,0.600000,61.582930
WORD815,hedge,5.550000,2.252853,1.750000,5.000000,361.800000,0.600000,82.118407
WORD816,banjo,6.250000,0.845098,2.300000,5.000000,504.200000,0.600000,69.172639
WORD817,nation,3.900000,2.998259,1.850000,6.000000,540.833333,0.500000,60.363716
WORD818,school,5.750000,3.844166,2.300000,6.000000,261.333333,0.666667,63.547610
WORD819,weight,4.450000,3.221414,1.650000,6.000000,212.500000,0.666667,72.877955
WORD820,length,4.200000,3.109241,2.600000,6.000000,418.833333,0.833333,65.898377
WORD821,report,5.150000,3.269746,1.750000,6.000000,718.666667,0.666667,60.874401
WORD822,answer,2.850000,3.263399,2.600000,6.000000,644.000000,0.666667,71.991517
WORD823,manner,3.100000,3.135769,1.750000,6.000000,1089.000000,0.666667,69.758907
WORD824,design,4.250000,3.080626,2.150000,6.000000,580.166667,0.666667,72.113634
WORD825,record,5.000000,3.032619,1.900000,6.000000,787.333333,0.666667,63.197979
WORD826,charge,3.900000,3.072250,1.800000,6.000000,512.333333,0.666667,71.141523
WORD827,extent,3.300000,3.178689,1.900000,6.000000,590.166667,0.666667,63.474393
WORD828,square,4.200000,2.949878,1.850000,6.000000,301.500000,0.500000,69.365565
WORD829,signal,5.050000,2.735599,2.450000,6.000000,338.166667,0.666667,63.963266
WORD830,prison,5.800000,3.093422,1.900000,6.000000,724.333333,0.666667,61.663426
WORD831,escape,3.550000,2.714330,2.150000,6.000000,193.666667,0.500000,75.431596
WORD832,circle,5.150000,2.935507,2.250000,6.000000,424.500000,0.666667,54.254621
WORD833,fellow,4.250000,2.773786,1.700000,6.000000,536.000000,0.666667,62.862268
WORD834,sample,4.350000,2.204120,1.750000,6.000000,624.833333,0.666667,73.865260
WORD835,speech,4.350000,3.132580,2.300000,6.000000,405.166667,0.666667,74.568264
WORD836,finger,5.900000,2.938520,1.600000,6.000000,902.333333,0.666667,61.631647
WORD837,device,4.450000,2.732394,1.900000,6.000000,556.833333,0.500000,67.498168
WORD838,symbol,2.800000,2.624282,2.750000,6.000000,212.000000,0.666667,70.563481
WORD839,stream,5.900000,2.820858,1.800000,6.000000,544.833333,0.666667,68.198133
WORD840,minute,3.950000,3.121231,2.000000,6.000000,585.000000,0.500000,65.119208
WORD841,whisky,6.200000,2.775246,2.350000,6.000000,261.333333,0.666667,69.859247
WORD842,debate,4.050000,2.844477,1.800000,6.000000,650.833333,0.500000,75.445385
WORD843,flower,6.300000,2.678518,1.650000,6.000000,720.833333,0.666667,63.382836
WORD844,prayer,3.550000,2.557507,1.750000,6.000000,993.166667,0.500000,65.331962
WORD845,expert,3.500000,2.521138,1.950000,6.000000,719.333333,0.666667,66.074619
WORD846,gossip,3.700000,2.378398,2.900000,6.000000,340.000000,0.666667,71.563659
WORD847,saloon,5.550000,2.260071,1.850000,6.000000,549.166667,0.500000,64.572096
WORD848,lesson,3.900000,2.680336,2.000000,6.000000,537.666667,0.666667,64.920038
WORD849,ritual,3.900000,2.477121,2.500000,6.000000,275.666667,0.500000,51.703629
WORD850,carpet,5.550000,2.620136,1.900000,6.000000,831.166667,0.666667,65.435279
WORD851,wealth,3.650000,3.017451,1.950000,6.000000,396.166667,0.666667,69.336139
WORD852,motive,3.000000,2.409933,2.050000,6.000000,393.666667,0.500000,65.116611
WORD853,morass,2.666667,1.278754,2.050000,6.000000,604.500000,0.666667,70.132890
WORD854,pariah,4.466667,0.954243,2.350000,6.000000,740.333333,0.500000,65.546910
WORD855,recess,4.300000,1.681241,2.000000,6.000000,793.500000,0.666667,66.927911
WORD856,ginger,5.650000,1.819544,1.750000,6.000000,846.666667,0.666667,69.288052
WORD857,hybrid,4.400000,1.568202,2.850000,6.000000,260.666667,0.666667,65.110290
WORD858,pelvis,6.150000,2.201397,2.500000,6.000000,483.166667,0.666667,61.824137
WORD859,embryo,5.650000,1.707570,2.900000,6.000000,136.666667,0.500000,72.898461
WORD860,caucus,4.650000,1.380211,2.300000,6.000000,437.666667,0.500000,66.428660
WORD861,fetish,3.300000,1.397940,2.600000,6.000000,449.333333,0.666667,59.805202
WORD862,malady,4.117647,1.146128,2.550000,6.000000,541.333333,0.500000,73.003883
WORD863,maiden,4.850000,1.763428,1.900000,6.000000,650.833333,0.500000,73.318786
WORD864,orphan,4.950000,1.707570,2.800000,6.000000,247.500000,0.666667,67.968374
WORD865,machine,5.650000,3.167317,2.350000,7.000000,811.428571,0.571429,69.924061
WORD866,history,3.250000,3.524915,2.750000,7.000000,664.142857,0.571429,58.436237
WORD867,opinion,2.700000,3.135451,2.700000,7.000000,369.571429,0.428571,62.023964
WORD868,reading,4.550000,3.310906,1.600000,7.000000,1171.714286,0.571429,68.851845
WORD869,pattern,4.550000,3.119915,1.900000,7.000000,992.142857,0.714286,63.021350
WORD870,morning,4.450000,3.732956,1.850000,7.000000,962.428571,0.714286,66.895457
WORD871,problem,3.200000,3.679973,2.650000,7.000000,721.571429,0.714286,70.419080
WORD872,freedom,1.900000,3.254064,2.800000,7.000000,475.000000,0.571429,71.249162
WORD873,nothing,2.400000,3.955543,1.850000,7.000000,750.428571,0.714286,64.544913
WORD874,average,3.600000,3.085291,2.300000,7.000000,394.285714,0.428571,72.449942
WORD875,picture,5.550000,3.280123,2.400000,7.000000,388.714286,0.571429,60.240495
WORD876,trouble,3.500000,3.393048,2.500000,7.000000,570.000000,0.571429,60.835123
WORD877,portion,4.200000,2.315970,2.100000,7.000000,743.428571,0.571429,59.792447
WORD878,fiction,3.100000,2.451786,2.000000,7.000000,488.857143,0.571429,53.554636
WORD879,economy,4.300000,3.148911,2.900000,7.000000,161.285714,0.428571,72.410834
WORD880,command,3.800000,2.903633,2.150000,7.000000,884.285714,0.714286,77.804443
WORD881,message,4.500000,3.084576,2.700000,7.000000,427.857143,0.571429,80.568398
WORD882,brother,4.750000,3.185259,1.900000,7.000000,924.857143,0.714286,62.340593
WORD883,faculty,4.550000,2.626340,2.650000,7.000000,281.714286,0.571429,57.927928
WORD884,promise,2.750000,2.704151,2.100000,7.000000,702.857143,0.571429,68.739179
WORD885,culture,2.350000,3.087781,2.300000,7.000000,377.571429,0.571429,56.850394
WORD886,concept,2.150000,2.930440,1.950000,7.000000,900.285714,0.714286,67.052144
WORD887,teacher,5.000000,3.152594,1.900000,7.000000,860.714286,0.571429,65.652075
WORD888,victory,2.950000,2.881955,2.550000,7.000000,360.000000,0.571429,55.360843
WORD889,mineral,6.000000,2.064458,2.350000,7.000000,909.285714,0.571429,62.224556
WORD890,exhibit,4.300000,1.447158,2.800000,7.000000,265.285714,0.571429,61.354880
WORD891,spectra,3.888889,1.230449,2.750000,7.000000,380.571429,0.714286,65.954546
WORD892,observe,3.550000,1.939519,2.350000,7.000000,528.285714,0.571429,68.838363
WORD893,worship,2.900000,2.336460,2.650000,7.000000,418.714286,0.714286,68.605603
WORD894,slavery,4.250000,2.130334,2.300000,7.000000,723.857143,0.571429,61.491605
WORD895,journey,3.650000,2.965672,2.550000,7.000000,353.428571,0.428571,62.581470
WORD896,suspect,4.600000,2.127105,2.600000,7.000000,460.428571,0.714286,68.097012
WORD897,whisper,4.450000,2.309630,2.050000,7.000000,622.714286,0.714286,70.018568
WORD898,mistake,3.400000,2.928396,2.500000,7.000000,674.000000,0.571429,68.146539
WORD899,cavalry,5.400000,2.068186,2.800000,7.000000,369.000000,0.571429,60.046231
WORD900,boredom,2.800000,2.414973,2.950000,7.000000,562.571429,0.571429,74.874462
WORD901,ovation,4.200000,1.301030,2.250000,7.000000,474.142857,0.428571,60.920726
WORD902,calvary,4.684211,0.477121,2.800000,7.000000,515.142857,0.571429,60.046231
WORD903,thicket,5.777778,1.740363,1.850000,7.000000,410.714286,0.714286,59.734642
WORD904,figment,3.150000,1.113943,2.500000,7.000000,458.714286,0.714286,67.160375
WORD905,trawler,5.166667,1.518514,2.100000,7.000000,911.000000,0.714286,61.039944
WORD906,puberty,4.450000,2.068186,2.900000,7.000000,576.428571,0.571429,67.090179
WORD907,apostle,4.684211,1.361728,2.750000,7.000000,394.428571,0.571429,66.655483
WORD908,sibling,5.450000,1.113943,2.000000,7.000000,785.285714,0.714286,61.816361
WORD909,persona,2.700000,1.602060,2.500000,7.000000,647.571429,0.571429,69.306251
WORD910,blunder,4.300000,1.491362,1.800000,7.000000,683.571429,0.714286,65.055058
WORD911,typhoon,5.200000,0.903090,3.300000,7.000000,206.857143,0.571429,67.800649
WORD912,tumbler,5.315789,1.462398,1.850000,7.000000,727.142857,0.714286,64.288557
WORD913,function,3.300000,2.998695,2.200000,8.000000,491.875000,0.625000,57.562123
WORD914,national,3.650000,3.639387,2.450000,8.000000,534.250000,0.500000,59.676269
WORD915,division,3.800000,2.992111,2.500000,8.000000,560.000000,0.500000,58.564005
WORD916,specific,3.210526,2.957607,3.100000,8.000000,349.750000,0.625000,61.250325
WORD917,progress,2.650000,3.066699,2.600000,8.000000,812.750000,0.750000,68.828492
WORD918,strength,3.150000,3.214844,2.850000,8.000000,558.875000,0.875000,64.394335
WORD919,activity,4.200000,3.127429,2.550000,8.000000,266.375000,0.500000,55.261599
WORD920,district,4.200000,2.835056,2.550000,8.000000,859.750000,0.750000,54.404071
WORD921,analysis,3.600000,3.042182,2.700000,8.000000,325.500000,0.500000,62.802468
WORD922,physical,3.600000,3.295787,2.900000,8.000000,342.000000,0.625000,63.987463
WORD923,military,5.250000,3.241297,2.800000,8.000000,519.500000,0.500000,56.169852
WORD924,remember,2.450000,3.059942,2.700000,8.000000,654.125000,0.625000,74.430902
WORD925,entrance,4.450000,2.925828,2.600000,8.000000,532.500000,0.625000,64.234616
WORD926,dominant,3.200000,2.657056,2.850000,8.000000,586.250000,0.625000,67.574455
WORD927,pleasure,2.200000,3.174932,2.650000,8.000000,360.875000,0.500000,66.833084
WORD928,violence,3.050000,3.071514,2.800000,8.000000,425.625000,0.500000,61.529859
WORD929,guidance,3.350000,2.431364,3.100000,8.000000,293.500000,0.500000,70.849898
WORD930,relative,4.250000,2.807535,2.350000,8.000000,730.625000,0.500000,57.882049
WORD931,struggle,3.250000,2.922725,2.450000,8.000000,345.000000,0.750000,66.291602
WORD932,december,4.750000,0.301030,2.950000,8.000000,602.250000,0.625000,75.742331
WORD933,emphasis,3.300000,2.859138,3.300000,8.000000,294.000000,0.625000,73.408378
WORD934,judgment,2.900000,0.301030,2.850000,8.000000,285.500000,0.750000,72.476732
WORD935,argument,3.600000,3.200029,2.800000,8.000000,316.750000,0.625000,70.276493
WORD936,proposal,3.950000,2.579784,3.000000,8.000000,600.500000,0.625000,66.912726
WORD937,narrator,5.050000,1.491362,2.850000,8.000000,662.500000,0.625000,57.352512
WORD938,employee,4.700000,2.230449,2.550000,8.000000,226.625000,0.375000,74.342014
WORD939,friction,4.400000,2.017033,2.250000,8.000000,567.625000,0.625000,52.045058
WORD940,elevator,6.250000,2.181844,2.750000,8.000000,341.250000,0.500000,61.431949
WORD941,velocity,3.789474,2.264818,3.050000,8.000000,358.625000,0.500000,58.044890
WORD942,disaster,3.800000,2.778874,2.850000,8.000000,860.750000,0.625000,63.732395
WORD943,linguist,5.350000,1.518514,2.900000,8.000000,498.625000,0.625000,57.552781
WORD944,disposal,4.450000,2.475671,2.950000,8.000000,601.375000,0.625000,66.746396
WORD945,patience,2.850000,2.507856,2.850000,8.000000,618.125000,0.500000,66.969972
WORD946,compound,4.700000,2.235528,2.700000,8.000000,736.750000,0.625000,74.069902
WORD947,laughter,3.750000,2.940018,2.600000,8.000000,486.000000,0.625000,64.377135
WORD948,coverage,3.550000,2.294466,2.550000,8.000000,951.875000,0.500000,70.297265
WORD949,delusion,2.894737,1.799341,2.550000,8.000000,586.750000,0.500000,63.821071
WORD950,sentinel,4.777778,1.079181,2.900000,8.000000,907.500000,0.625000,60.322648
WORD951,bungalow,6.300000,2.033424,3.700000,8.000000,372.750000,0.625000,74.137096
WORD952,colossus,4.578947,1.397940,2.900000,8.000000,665.375000,0.625000,64.001385
WORD953,exertion,3.250000,1.748188,2.400000,8.000000,544.875000,0.500000,60.810757
WORD954,antidote,4.850000,1.544068,3.300000,8.000000,461.750000,0.500000,63.860049
WORD955,chivalry,2.650000,1.698970,3.400000,8.000000,336.875000,0.625000,57.101287
WORD956,drudgery,3.473684,1.556303,2.950000,8.000000,486.125000,0.625000,69.732357
WORD957,reversal,3.700000,1.991226,2.650000,8.000000,859.000000,0.625000,60.545879
WORD958,billiard,5.500000,1.672098,2.900000,8.000000,528.875000,0.625000,55.838597
WORD959,adherent,3.450000,0.698970,2.550000,8.000000,615.625000,0.625000,68.088112
WORD960,solenoid,4.111111,0.301030,3.700000,8.000000,443.250000,0.500000,64.544507
